{
  "id": 39,
  "name": "Canada",
  "short_name": "CAN",
  "phone_code": "1",
  "currency": "CAD",
  "currency_name": "Canadian dollar",
  "currency_symbol": "$",
  "states": [
    {
      "id": 872,
      "name": "Alberta",
      "state_code": "AB",
      "cities": [
        {
          "id": 16151,
          "name": "Airdrie"
        },
        {
          "id": 16178,
          "name": "Athabasca"
        },
        {
          "id": 16190,
          "name": "Banff"
        },
        {
          "id": 16192,
          "name": "Barrhead"
        },
        {
          "id": 16196,
          "name": "Bassano"
        },
        {
          "id": 16204,
          "name": "Beaumont"
        },
        {
          "id": 16207,
          "name": "Beaverlodge"
        },
        {
          "id": 16219,
          "name": "Black Diamond"
        },
        {
          "id": 16220,
          "name": "Blackfalds"
        },
        {
          "id": 16226,
          "name": "Bon Accord"
        },
        {
          "id": 16229,
          "name": "Bonnyville"
        },
        {
          "id": 16234,
          "name": "Bow Island"
        },
        {
          "id": 16245,
          "name": "Brooks"
        },
        {
          "id": 16259,
          "name": "Calgary"
        },
        {
          "id": 16260,
          "name": "Calmar"
        },
        {
          "id": 16265,
          "name": "Camrose"
        },
        {
          "id": 16267,
          "name": "Canmore"
        },
        {
          "id": 16277,
          "name": "Cardston"
        },
        {
          "id": 16284,
          "name": "Carstairs"
        },
        {
          "id": 16305,
          "name": "Chestermere"
        },
        {
          "id": 16314,
          "name": "Claresholm"
        },
        {
          "id": 16316,
          "name": "Coaldale"
        },
        {
          "id": 16317,
          "name": "Coalhurst"
        },
        {
          "id": 16320,
          "name": "Cochrane"
        },
        {
          "id": 16323,
          "name": "Cold Lake"
        },
        {
          "id": 16349,
          "name": "Crossfield"
        },
        {
          "id": 16371,
          "name": "Devon"
        },
        {
          "id": 16372,
          "name": "Didsbury"
        },
        {
          "id": 16383,
          "name": "Drayton Valley"
        },
        {
          "id": 16396,
          "name": "Edmonton"
        },
        {
          "id": 16398,
          "name": "Edson"
        },
        {
          "id": 16399,
          "name": "Elk Point"
        },
        {
          "id": 16413,
          "name": "Fairview"
        },
        {
          "id": 16415,
          "name": "Falher"
        },
        {
          "id": 16429,
          "name": "Fort Macleod"
        },
        {
          "id": 16430,
          "name": "Fort McMurray"
        },
        {
          "id": 16433,
          "name": "Fort Saskatchewan"
        },
        {
          "id": 16438,
          "name": "Fox Creek"
        },
        {
          "id": 16450,
          "name": "Gibbons"
        },
        {
          "id": 16463,
          "name": "Grand Centre"
        },
        {
          "id": 16466,
          "name": "Grande Cache"
        },
        {
          "id": 16467,
          "name": "Grande Prairie"
        },
        {
          "id": 16476,
          "name": "Grimshaw"
        },
        {
          "id": 16488,
          "name": "Hanna"
        },
        {
          "id": 16502,
          "name": "Heritage Pointe"
        },
        {
          "id": 16503,
          "name": "High Level"
        },
        {
          "id": 16504,
          "name": "High Prairie"
        },
        {
          "id": 16505,
          "name": "High River"
        },
        {
          "id": 16506,
          "name": "Hinton"
        },
        {
          "id": 16526,
          "name": "Irricana"
        },
        {
          "id": 16528,
          "name": "Jasper Park Lodge"
        },
        {
          "id": 16543,
          "name": "Killam"
        },
        {
          "id": 16575,
          "name": "Lac La Biche"
        },
        {
          "id": 16585,
          "name": "Lacombe"
        },
        {
          "id": 16592,
          "name": "Lamont"
        },
        {
          "id": 16602,
          "name": "Larkspur"
        },
        {
          "id": 16603,
          "name": "Laurel"
        },
        {
          "id": 16610,
          "name": "Leduc"
        },
        {
          "id": 16614,
          "name": "Lethbridge"
        },
        {
          "id": 16625,
          "name": "Lloydminster"
        },
        {
          "id": 16645,
          "name": "Magrath"
        },
        {
          "id": 16653,
          "name": "Manning"
        },
        {
          "id": 16654,
          "name": "Mannville"
        },
        {
          "id": 16657,
          "name": "Maple Ridge"
        },
        {
          "id": 16671,
          "name": "Mayerthorpe"
        },
        {
          "id": 16675,
          "name": "Medicine Hat"
        },
        {
          "id": 16689,
          "name": "Mill Woods Town Centre"
        },
        {
          "id": 16691,
          "name": "Millet"
        },
        {
          "id": 16719,
          "name": "Morinville"
        },
        {
          "id": 16729,
          "name": "Nanton"
        },
        {
          "id": 16774,
          "name": "Okotoks"
        },
        {
          "id": 16775,
          "name": "Olds"
        },
        {
          "id": 16803,
          "name": "Peace River"
        },
        {
          "id": 16810,
          "name": "Penhold"
        },
        {
          "id": 16820,
          "name": "Picture Butte"
        },
        {
          "id": 16824,
          "name": "Pincher Creek"
        },
        {
          "id": 16834,
          "name": "Ponoka"
        },
        {
          "id": 16861,
          "name": "Provost"
        },
        {
          "id": 16871,
          "name": "Raymond"
        },
        {
          "id": 16873,
          "name": "Red Deer"
        },
        {
          "id": 16889,
          "name": "Rideau Park"
        },
        {
          "id": 16892,
          "name": "Rimbey"
        },
        {
          "id": 16901,
          "name": "Rocky Mountain House"
        },
        {
          "id": 17029,
          "name": "Sexsmith"
        },
        {
          "id": 17040,
          "name": "Sherwood Park"
        },
        {
          "id": 17044,
          "name": "Silver Berry"
        },
        {
          "id": 17049,
          "name": "Slave Lake"
        },
        {
          "id": 17052,
          "name": "Smoky Lake"
        },
        {
          "id": 17061,
          "name": "Spirit River"
        },
        {
          "id": 17062,
          "name": "Springbrook"
        },
        {
          "id": 17065,
          "name": "Spruce Grove"
        },
        {
          "id": 17068,
          "name": "St. Albert"
        },
        {
          "id": 17078,
          "name": "Stettler"
        },
        {
          "id": 17082,
          "name": "Stony Plain"
        },
        {
          "id": 17084,
          "name": "Strathmore"
        },
        {
          "id": 17088,
          "name": "Sundre"
        },
        {
          "id": 17092,
          "name": "Swan Hills"
        },
        {
          "id": 17097,
          "name": "Sylvan Lake"
        },
        {
          "id": 17098,
          "name": "Taber"
        },
        {
          "id": 17099,
          "name": "Tamarack"
        },
        {
          "id": 17110,
          "name": "Three Hills"
        },
        {
          "id": 17118,
          "name": "Tofield"
        },
        {
          "id": 17131,
          "name": "Two Hills"
        },
        {
          "id": 17143,
          "name": "Valleyview"
        },
        {
          "id": 17151,
          "name": "Vegreville"
        },
        {
          "id": 17154,
          "name": "Vermilion"
        },
        {
          "id": 17158,
          "name": "Viking"
        },
        {
          "id": 17163,
          "name": "Vulcan"
        },
        {
          "id": 17166,
          "name": "Wainwright"
        },
        {
          "id": 17187,
          "name": "Wembley"
        },
        {
          "id": 17194,
          "name": "Westlake"
        },
        {
          "id": 17195,
          "name": "Westlock"
        },
        {
          "id": 17197,
          "name": "Wetaskiwin"
        },
        {
          "id": 17203,
          "name": "Whitecourt"
        },
        {
          "id": 17205,
          "name": "Wild Rose"
        }
      ]
    },
    {
      "id": 875,
      "name": "British Columbia",
      "state_code": "BC",
      "cities": [
        {
          "id": 16146,
          "name": "Abbotsford"
        },
        {
          "id": 16150,
          "name": "Agassiz"
        },
        {
          "id": 16155,
          "name": "Aldergrove"
        },
        {
          "id": 16156,
          "name": "Aldergrove East"
        },
        {
          "id": 16169,
          "name": "Anmore"
        },
        {
          "id": 16172,
          "name": "Arbutus Ridge"
        },
        {
          "id": 16173,
          "name": "Armstrong"
        },
        {
          "id": 16176,
          "name": "Ashcroft"
        },
        {
          "id": 16194,
          "name": "Barrière"
        },
        {
          "id": 16235,
          "name": "Bowen Island"
        },
        {
          "id": 16253,
          "name": "Burnaby"
        },
        {
          "id": 16254,
          "name": "Burns Lake"
        },
        {
          "id": 16257,
          "name": "Cache Creek"
        },
        {
          "id": 16263,
          "name": "Campbell River"
        },
        {
          "id": 16286,
          "name": "Castlegar"
        },
        {
          "id": 16288,
          "name": "Cedar"
        },
        {
          "id": 16289,
          "name": "Central Coast Regional District"
        },
        {
          "id": 16298,
          "name": "Chase"
        },
        {
          "id": 16302,
          "name": "Chemainus"
        },
        {
          "id": 16306,
          "name": "Chetwynd"
        },
        {
          "id": 16308,
          "name": "Chilliwack"
        },
        {
          "id": 16326,
          "name": "Colwood"
        },
        {
          "id": 16334,
          "name": "Coombs"
        },
        {
          "id": 16335,
          "name": "Coquitlam"
        },
        {
          "id": 16341,
          "name": "Courtenay"
        },
        {
          "id": 16344,
          "name": "Cowichan Bay"
        },
        {
          "id": 16346,
          "name": "Cranbrook"
        },
        {
          "id": 16347,
          "name": "Creston"
        },
        {
          "id": 16350,
          "name": "Cumberland"
        },
        {
          "id": 16359,
          "name": "Dawson Creek"
        },
        {
          "id": 16366,
          "name": "Delta"
        },
        {
          "id": 16367,
          "name": "Denman Island"
        },
        {
          "id": 16368,
          "name": "Denman Island Trust Area"
        },
        {
          "id": 16386,
          "name": "Duck Lake"
        },
        {
          "id": 16387,
          "name": "Duncan"
        },
        {
          "id": 16394,
          "name": "East Wellington"
        },
        {
          "id": 16400,
          "name": "Elkford"
        },
        {
          "id": 16402,
          "name": "Ellison"
        },
        {
          "id": 16404,
          "name": "Enderby"
        },
        {
          "id": 16414,
          "name": "Fairwinds"
        },
        {
          "id": 16421,
          "name": "Fernie"
        },
        {
          "id": 16432,
          "name": "Fort Nelson"
        },
        {
          "id": 16435,
          "name": "Fort St. John"
        },
        {
          "id": 16440,
          "name": "Fraser Valley Regional District"
        },
        {
          "id": 16442,
          "name": "French Creek"
        },
        {
          "id": 16443,
          "name": "Fruitvale"
        },
        {
          "id": 16451,
          "name": "Gibsons"
        },
        {
          "id": 16458,
          "name": "Golden"
        },
        {
          "id": 16465,
          "name": "Grand Forks"
        },
        {
          "id": 16487,
          "name": "Hanceville"
        },
        {
          "id": 16507,
          "name": "Hope"
        },
        {
          "id": 16508,
          "name": "Hornby Island"
        },
        {
          "id": 16510,
          "name": "Houston"
        },
        {
          "id": 16523,
          "name": "Invermere"
        },
        {
          "id": 16531,
          "name": "Kamloops"
        },
        {
          "id": 16536,
          "name": "Kelowna"
        },
        {
          "id": 16545,
          "name": "Kimberley"
        },
        {
          "id": 16554,
          "name": "Kitimat"
        },
        {
          "id": 16586,
          "name": "Ladner"
        },
        {
          "id": 16587,
          "name": "Ladysmith"
        },
        {
          "id": 16588,
          "name": "Lake Cowichan"
        },
        {
          "id": 16595,
          "name": "Langford"
        },
        {
          "id": 16597,
          "name": "Langley"
        },
        {
          "id": 16616,
          "name": "Lillooet"
        },
        {
          "id": 16621,
          "name": "Lions Bay"
        },
        {
          "id": 16626,
          "name": "Logan Lake"
        },
        {
          "id": 16635,
          "name": "Lumby"
        },
        {
          "id": 16641,
          "name": "Mackenzie"
        },
        {
          "id": 16656,
          "name": "Maple Ridge"
        },
        {
          "id": 16681,
          "name": "Merritt"
        },
        {
          "id": 16684,
          "name": "Metchosin"
        },
        {
          "id": 16685,
          "name": "Metro Vancouver Regional District"
        },
        {
          "id": 16696,
          "name": "Mission"
        },
        {
          "id": 16727,
          "name": "Nakusp"
        },
        {
          "id": 16728,
          "name": "Nanaimo"
        },
        {
          "id": 16735,
          "name": "Nelson"
        },
        {
          "id": 16742,
          "name": "New Westminster"
        },
        {
          "id": 16757,
          "name": "North Cowichan"
        },
        {
          "id": 16758,
          "name": "North Oyster/Yellow Point"
        },
        {
          "id": 16760,
          "name": "North Saanich"
        },
        {
          "id": 16761,
          "name": "North Vancouver"
        },
        {
          "id": 16769,
          "name": "Oak Bay"
        },
        {
          "id": 16772,
          "name": "Okanagan"
        },
        {
          "id": 16773,
          "name": "Okanagan Falls"
        },
        {
          "id": 16776,
          "name": "Oliver"
        },
        {
          "id": 16784,
          "name": "Osoyoos"
        },
        {
          "id": 16798,
          "name": "Parksville"
        },
        {
          "id": 16804,
          "name": "Peace River Regional District"
        },
        {
          "id": 16805,
          "name": "Peachland"
        },
        {
          "id": 16808,
          "name": "Pemberton"
        },
        {
          "id": 16811,
          "name": "Penticton"
        },
        {
          "id": 16826,
          "name": "Pitt Meadows"
        },
        {
          "id": 16837,
          "name": "Port Alberni"
        },
        {
          "id": 16839,
          "name": "Port Coquitlam"
        },
        {
          "id": 16842,
          "name": "Port McNeill"
        },
        {
          "id": 16843,
          "name": "Port Moody"
        },
        {
          "id": 16851,
          "name": "Powell River"
        },
        {
          "id": 16856,
          "name": "Prince George"
        },
        {
          "id": 16857,
          "name": "Prince Rupert"
        },
        {
          "id": 16858,
          "name": "Princeton"
        },
        {
          "id": 16863,
          "name": "Puntledge"
        },
        {
          "id": 16865,
          "name": "Quesnel"
        },
        {
          "id": 16877,
          "name": "Regional District of Alberni-Clayoquot"
        },
        {
          "id": 16878,
          "name": "Regional District of Central Okanagan"
        },
        {
          "id": 16882,
          "name": "Revelstoke"
        },
        {
          "id": 16885,
          "name": "Richmond"
        },
        {
          "id": 16904,
          "name": "Rossland"
        },
        {
          "id": 16908,
          "name": "Royston"
        },
        {
          "id": 17016,
          "name": "Salmo"
        },
        {
          "id": 17017,
          "name": "Salmon Arm"
        },
        {
          "id": 17018,
          "name": "Salt Spring Island"
        },
        {
          "id": 17019,
          "name": "Saltair"
        },
        {
          "id": 17025,
          "name": "Sechelt"
        },
        {
          "id": 17043,
          "name": "Sicamous"
        },
        {
          "id": 17047,
          "name": "Six Mile"
        },
        {
          "id": 17050,
          "name": "Smithers"
        },
        {
          "id": 17053,
          "name": "Sooke"
        },
        {
          "id": 17058,
          "name": "South Pender Harbour"
        },
        {
          "id": 17060,
          "name": "Sparwood"
        },
        {
          "id": 17086,
          "name": "Summerland"
        },
        {
          "id": 17089,
          "name": "Surrey"
        },
        {
          "id": 17102,
          "name": "Terrace"
        },
        {
          "id": 17119,
          "name": "Tofino"
        },
        {
          "id": 17125,
          "name": "Trail"
        },
        {
          "id": 17128,
          "name": "Tsawwassen"
        },
        {
          "id": 17129,
          "name": "Tumbler Ridge"
        },
        {
          "id": 17133,
          "name": "Ucluelet"
        },
        {
          "id": 17145,
          "name": "Vancouver"
        },
        {
          "id": 17146,
          "name": "Vanderhoof"
        },
        {
          "id": 17155,
          "name": "Vernon"
        },
        {
          "id": 17156,
          "name": "Victoria"
        },
        {
          "id": 17168,
          "name": "Walnut Grove"
        },
        {
          "id": 17183,
          "name": "Welcome Beach"
        },
        {
          "id": 17189,
          "name": "West End"
        },
        {
          "id": 17190,
          "name": "West Kelowna"
        },
        {
          "id": 17193,
          "name": "West Vancouver"
        },
        {
          "id": 17200,
          "name": "Whistler"
        },
        {
          "id": 17202,
          "name": "White Rock"
        },
        {
          "id": 17207,
          "name": "Williams Lake"
        }
      ]
    },
    {
      "id": 867,
      "name": "Manitoba",
      "state_code": "MB",
      "cities": [
        {
          "id": 16160,
          "name": "Altona"
        },
        {
          "id": 16206,
          "name": "Beausejour"
        },
        {
          "id": 16225,
          "name": "Boissevain"
        },
        {
          "id": 16238,
          "name": "Brandon"
        },
        {
          "id": 16275,
          "name": "Carberry"
        },
        {
          "id": 16283,
          "name": "Carman"
        },
        {
          "id": 16348,
          "name": "Cross Lake 19A"
        },
        {
          "id": 16356,
          "name": "Dauphin"
        },
        {
          "id": 16360,
          "name": "De Salaberry"
        },
        {
          "id": 16364,
          "name": "Deloraine"
        },
        {
          "id": 16422,
          "name": "Flin Flon"
        },
        {
          "id": 16452,
          "name": "Gimli"
        },
        {
          "id": 16477,
          "name": "Grunthal"
        },
        {
          "id": 16500,
          "name": "Headingley"
        },
        {
          "id": 16518,
          "name": "Ile des Chênes"
        },
        {
          "id": 16544,
          "name": "Killarney"
        },
        {
          "id": 16563,
          "name": "La Broquerie"
        },
        {
          "id": 16576,
          "name": "Lac du Bonnet"
        },
        {
          "id": 16593,
          "name": "Landmark"
        },
        {
          "id": 16629,
          "name": "Lorette"
        },
        {
          "id": 16677,
          "name": "Melita"
        },
        {
          "id": 16693,
          "name": "Minnedosa"
        },
        {
          "id": 16714,
          "name": "Moose Lake"
        },
        {
          "id": 16717,
          "name": "Morden"
        },
        {
          "id": 16720,
          "name": "Morris"
        },
        {
          "id": 16734,
          "name": "Neepawa"
        },
        {
          "id": 16749,
          "name": "Niverville"
        },
        {
          "id": 16848,
          "name": "Portage la Prairie"
        },
        {
          "id": 16894,
          "name": "Rivers"
        },
        {
          "id": 16898,
          "name": "Roblin"
        },
        {
          "id": 17026,
          "name": "Selkirk"
        },
        {
          "id": 17041,
          "name": "Shilo"
        },
        {
          "id": 17056,
          "name": "Souris"
        },
        {
          "id": 17067,
          "name": "St. Adolphe"
        },
        {
          "id": 17075,
          "name": "Steinbach"
        },
        {
          "id": 17080,
          "name": "Stonewall"
        },
        {
          "id": 17093,
          "name": "Swan River"
        },
        {
          "id": 17105,
          "name": "The Pas"
        },
        {
          "id": 17108,
          "name": "Thompson"
        },
        {
          "id": 17161,
          "name": "Virden"
        },
        {
          "id": 17192,
          "name": "West St. Paul"
        },
        {
          "id": 17214,
          "name": "Winkler"
        },
        {
          "id": 17215,
          "name": "Winnipeg"
        }
      ]
    },
    {
      "id": 868,
      "name": "New Brunswick",
      "state_code": "NB",
      "cities": [
        {
          "id": 16184,
          "name": "Baie Ste. Anne"
        },
        {
          "id": 16198,
          "name": "Bathurst"
        },
        {
          "id": 16232,
          "name": "Bouctouche"
        },
        {
          "id": 16264,
          "name": "Campbellton"
        },
        {
          "id": 16373,
          "name": "Dieppe"
        },
        {
          "id": 16397,
          "name": "Edmundston"
        },
        {
          "id": 16423,
          "name": "Florenceville-Bristol"
        },
        {
          "id": 16441,
          "name": "Fredericton"
        },
        {
          "id": 16444,
          "name": "Fundy Bay"
        },
        {
          "id": 16468,
          "name": "Grande-Digue"
        },
        {
          "id": 16471,
          "name": "Greater Lakeburn"
        },
        {
          "id": 16486,
          "name": "Hampton"
        },
        {
          "id": 16493,
          "name": "Harrison Brook"
        },
        {
          "id": 16542,
          "name": "Keswick Ridge"
        },
        {
          "id": 16618,
          "name": "Lincoln"
        },
        {
          "id": 16638,
          "name": "Lutes Mountain"
        },
        {
          "id": 16672,
          "name": "McEwen"
        },
        {
          "id": 16695,
          "name": "Miramichi"
        },
        {
          "id": 16700,
          "name": "Moncton"
        },
        {
          "id": 16726,
          "name": "Nackawic"
        },
        {
          "id": 16741,
          "name": "New Maryland"
        },
        {
          "id": 16750,
          "name": "Noonan"
        },
        {
          "id": 16781,
          "name": "Oromocto"
        },
        {
          "id": 16884,
          "name": "Richibucto"
        },
        {
          "id": 16910,
          "name": "Sackville"
        },
        {
          "id": 16913,
          "name": "Saint Andrews"
        },
        {
          "id": 16914,
          "name": "Saint John"
        },
        {
          "id": 16921,
          "name": "Saint-Antoine"
        },
        {
          "id": 16967,
          "name": "Saint-Léonard"
        },
        {
          "id": 17014,
          "name": "Salisbury"
        },
        {
          "id": 17034,
          "name": "Shediac"
        },
        {
          "id": 17035,
          "name": "Shediac Bridge-Shediac River"
        },
        {
          "id": 17042,
          "name": "Shippagan"
        },
        {
          "id": 17074,
          "name": "Starlight Village"
        },
        {
          "id": 17090,
          "name": "Sussex"
        },
        {
          "id": 17124,
          "name": "Tracadie-Sheila"
        },
        {
          "id": 17186,
          "name": "Wells"
        }
      ]
    },
    {
      "id": 877,
      "name": "Newfoundland and Labrador",
      "state_code": "NL",
      "cities": [
        {
          "id": 16199,
          "name": "Bay Roberts"
        },
        {
          "id": 16200,
          "name": "Bay St. George South"
        },
        {
          "id": 16228,
          "name": "Bonavista"
        },
        {
          "id": 16230,
          "name": "Botwood"
        },
        {
          "id": 16251,
          "name": "Burgeo"
        },
        {
          "id": 16276,
          "name": "Carbonear"
        },
        {
          "id": 16287,
          "name": "Catalina"
        },
        {
          "id": 16294,
          "name": "Channel-Port aux Basques"
        },
        {
          "id": 16313,
          "name": "Clarenville-Shoal Harbour"
        },
        {
          "id": 16327,
          "name": "Conception Bay South"
        },
        {
          "id": 16336,
          "name": "Corner Brook"
        },
        {
          "id": 16362,
          "name": "Deer Lake"
        },
        {
          "id": 16425,
          "name": "Fogo Island"
        },
        {
          "id": 16445,
          "name": "Gambo"
        },
        {
          "id": 16460,
          "name": "Goulds"
        },
        {
          "id": 16462,
          "name": "Grand Bank"
        },
        {
          "id": 16464,
          "name": "Grand Falls-Windsor"
        },
        {
          "id": 16491,
          "name": "Happy Valley-Goose Bay"
        },
        {
          "id": 16492,
          "name": "Harbour Breton"
        },
        {
          "id": 16574,
          "name": "Labrador City"
        },
        {
          "id": 16615,
          "name": "Lewisporte"
        },
        {
          "id": 16664,
          "name": "Marystown"
        },
        {
          "id": 16724,
          "name": "Mount Pearl"
        },
        {
          "id": 16802,
          "name": "Pasadena"
        },
        {
          "id": 17063,
          "name": "Springdale"
        },
        {
          "id": 17069,
          "name": "St. Anthony"
        },
        {
          "id": 17072,
          "name": "St. John's"
        },
        {
          "id": 17076,
          "name": "Stephenville"
        },
        {
          "id": 17077,
          "name": "Stephenville Crossing"
        },
        {
          "id": 17120,
          "name": "Torbay"
        },
        {
          "id": 17135,
          "name": "Upper Island Cove"
        },
        {
          "id": 17164,
          "name": "Wabana"
        }
      ]
    },
    {
      "id": 878,
      "name": "Northwest Territories",
      "state_code": "NT",
      "cities": [
        {
          "id": 16209,
          "name": "Behchokǫ̀"
        },
        {
          "id": 16431,
          "name": "Fort McPherson"
        },
        {
          "id": 16434,
          "name": "Fort Smith"
        },
        {
          "id": 16498,
          "name": "Hay River"
        },
        {
          "id": 16522,
          "name": "Inuvik"
        },
        {
          "id": 16753,
          "name": "Norman Wells"
        },
        {
          "id": 17221,
          "name": "Yellowknife"
        }
      ]
    },
    {
      "id": 874,
      "name": "Nova Scotia",
      "state_code": "NS",
      "cities": [
        {
          "id": 16161,
          "name": "Amherst"
        },
        {
          "id": 16170,
          "name": "Annapolis County"
        },
        {
          "id": 16171,
          "name": "Antigonish"
        },
        {
          "id": 16216,
          "name": "Berwick"
        },
        {
          "id": 16242,
          "name": "Bridgewater"
        },
        {
          "id": 16272,
          "name": "Cape Breton County"
        },
        {
          "id": 16304,
          "name": "Chester"
        },
        {
          "id": 16322,
          "name": "Colchester"
        },
        {
          "id": 16324,
          "name": "Cole Harbour"
        },
        {
          "id": 16342,
          "name": "Cow Bay"
        },
        {
          "id": 16355,
          "name": "Dartmouth"
        },
        {
          "id": 16374,
          "name": "Digby"
        },
        {
          "id": 16375,
          "name": "Digby County"
        },
        {
          "id": 16406,
          "name": "English Corner"
        },
        {
          "id": 16407,
          "name": "Eskasoni 3"
        },
        {
          "id": 16416,
          "name": "Fall River"
        },
        {
          "id": 16454,
          "name": "Glace Bay"
        },
        {
          "id": 16475,
          "name": "Greenwood"
        },
        {
          "id": 16482,
          "name": "Halifax"
        },
        {
          "id": 16490,
          "name": "Hantsport"
        },
        {
          "id": 16499,
          "name": "Hayes Subdivision"
        },
        {
          "id": 16539,
          "name": "Kentville"
        },
        {
          "id": 16589,
          "name": "Lake Echo"
        },
        {
          "id": 16600,
          "name": "Lantz"
        },
        {
          "id": 16632,
          "name": "Lower Sackville"
        },
        {
          "id": 16637,
          "name": "Lunenburg"
        },
        {
          "id": 16686,
          "name": "Middleton"
        },
        {
          "id": 16739,
          "name": "New Glasgow"
        },
        {
          "id": 16791,
          "name": "Oxford"
        },
        {
          "id": 16799,
          "name": "Parrsboro"
        },
        {
          "id": 16818,
          "name": "Pictou"
        },
        {
          "id": 16819,
          "name": "Pictou County"
        },
        {
          "id": 16840,
          "name": "Port Hawkesbury"
        },
        {
          "id": 16846,
          "name": "Port Williams"
        },
        {
          "id": 16859,
          "name": "Princeville"
        },
        {
          "id": 17037,
          "name": "Shelburne"
        },
        {
          "id": 17064,
          "name": "Springhill"
        },
        {
          "id": 17095,
          "name": "Sydney"
        },
        {
          "id": 17096,
          "name": "Sydney Mines"
        },
        {
          "id": 17127,
          "name": "Truro"
        },
        {
          "id": 17211,
          "name": "Windsor"
        },
        {
          "id": 17216,
          "name": "Wolfville"
        },
        {
          "id": 17220,
          "name": "Yarmouth"
        }
      ]
    },
    {
      "id": 876,
      "name": "Nunavut",
      "state_code": "NU",
      "cities": [
        {
          "id": 16315,
          "name": "Clyde River"
        },
        {
          "id": 16453,
          "name": "Gjoa Haven"
        },
        {
          "id": 16524,
          "name": "Iqaluit"
        },
        {
          "id": 16555,
          "name": "Kugluktuk"
        },
        {
          "id": 16793,
          "name": "Pangnirtung"
        },
        {
          "id": 16869,
          "name": "Rankin Inlet"
        }
      ]
    },
    {
      "id": 866,
      "name": "Ontario",
      "state_code": "ON",
      "cities": [
        {
          "id": 16152,
          "name": "Ajax"
        },
        {
          "id": 16157,
          "name": "Algoma"
        },
        {
          "id": 16158,
          "name": "Alliston"
        },
        {
          "id": 16162,
          "name": "Amherstburg"
        },
        {
          "id": 16163,
          "name": "Amigo Beach"
        },
        {
          "id": 16166,
          "name": "Ancaster"
        },
        {
          "id": 16168,
          "name": "Angus"
        },
        {
          "id": 16174,
          "name": "Arnprior"
        },
        {
          "id": 16179,
          "name": "Atikokan"
        },
        {
          "id": 16180,
          "name": "Attawapiskat"
        },
        {
          "id": 16181,
          "name": "Aurora"
        },
        {
          "id": 16182,
          "name": "Aylmer"
        },
        {
          "id": 16183,
          "name": "Azilda"
        },
        {
          "id": 16188,
          "name": "Ballantrae"
        },
        {
          "id": 16189,
          "name": "Bancroft"
        },
        {
          "id": 16193,
          "name": "Barrie"
        },
        {
          "id": 16197,
          "name": "Bath"
        },
        {
          "id": 16211,
          "name": "Belleville"
        },
        {
          "id": 16212,
          "name": "Bells Corners"
        },
        {
          "id": 16213,
          "name": "Belmont"
        },
        {
          "id": 16218,
          "name": "Binbrook"
        },
        {
          "id": 16222,
          "name": "Bluewater"
        },
        {
          "id": 16233,
          "name": "Bourget"
        },
        {
          "id": 16236,
          "name": "Bracebridge"
        },
        {
          "id": 16237,
          "name": "Brampton"
        },
        {
          "id": 16239,
          "name": "Brant"
        },
        {
          "id": 16240,
          "name": "Brantford"
        },
        {
          "id": 16243,
          "name": "Brockville"
        },
        {
          "id": 16248,
          "name": "Brussels"
        },
        {
          "id": 16250,
          "name": "Burford"
        },
        {
          "id": 16252,
          "name": "Burlington"
        },
        {
          "id": 16261,
          "name": "Cambridge"
        },
        {
          "id": 16262,
          "name": "Camlachie"
        },
        {
          "id": 16274,
          "name": "Capreol"
        },
        {
          "id": 16280,
          "name": "Carleton Place"
        },
        {
          "id": 16285,
          "name": "Casselman"
        },
        {
          "id": 16299,
          "name": "Chatham"
        },
        {
          "id": 16300,
          "name": "Chatham-Kent"
        },
        {
          "id": 16312,
          "name": "Clarence-Rockland"
        },
        {
          "id": 16319,
          "name": "Cobourg"
        },
        {
          "id": 16321,
          "name": "Cochrane District"
        },
        {
          "id": 16325,
          "name": "Collingwood"
        },
        {
          "id": 16328,
          "name": "Concord"
        },
        {
          "id": 16329,
          "name": "Constance Bay"
        },
        {
          "id": 16333,
          "name": "Cookstown"
        },
        {
          "id": 16337,
          "name": "Cornwall"
        },
        {
          "id": 16339,
          "name": "Corunna"
        },
        {
          "id": 16361,
          "name": "Deep River"
        },
        {
          "id": 16363,
          "name": "Delaware"
        },
        {
          "id": 16369,
          "name": "Deseronto"
        },
        {
          "id": 16380,
          "name": "Dorchester"
        },
        {
          "id": 16382,
          "name": "Dowling"
        },
        {
          "id": 16385,
          "name": "Dryden"
        },
        {
          "id": 16389,
          "name": "Durham"
        },
        {
          "id": 16390,
          "name": "Ear Falls"
        },
        {
          "id": 16393,
          "name": "East Gwillimbury"
        },
        {
          "id": 16395,
          "name": "East York"
        },
        {
          "id": 16401,
          "name": "Elliot Lake"
        },
        {
          "id": 16403,
          "name": "Elmvale"
        },
        {
          "id": 16405,
          "name": "Englehart"
        },
        {
          "id": 16408,
          "name": "Espanola"
        },
        {
          "id": 16409,
          "name": "Essex"
        },
        {
          "id": 16412,
          "name": "Etobicoke"
        },
        {
          "id": 153520,
          "name": "Exeter"
        },
        {
          "id": 16427,
          "name": "Fort Erie"
        },
        {
          "id": 16428,
          "name": "Fort Frances"
        },
        {
          "id": 16446,
          "name": "Gananoque"
        },
        {
          "id": 16455,
          "name": "Glencoe"
        },
        {
          "id": 16457,
          "name": "Goderich"
        },
        {
          "id": 16459,
          "name": "Golden"
        },
        {
          "id": 16470,
          "name": "Gravenhurst"
        },
        {
          "id": 16472,
          "name": "Greater Napanee"
        },
        {
          "id": 16473,
          "name": "Greater Sudbury"
        },
        {
          "id": 16474,
          "name": "Greenstone"
        },
        {
          "id": 16478,
          "name": "Guelph"
        },
        {
          "id": 16480,
          "name": "Haldimand County"
        },
        {
          "id": 16481,
          "name": "Haliburton Village"
        },
        {
          "id": 16483,
          "name": "Halton"
        },
        {
          "id": 16484,
          "name": "Hamilton"
        },
        {
          "id": 16489,
          "name": "Hanover"
        },
        {
          "id": 16494,
          "name": "Harriston"
        },
        {
          "id": 16497,
          "name": "Hawkesbury"
        },
        {
          "id": 16501,
          "name": "Hearst"
        },
        {
          "id": 16509,
          "name": "Hornepayne"
        },
        {
          "id": 16515,
          "name": "Huntsville"
        },
        {
          "id": 16516,
          "name": "Huron East"
        },
        {
          "id": 16520,
          "name": "Ingersoll"
        },
        {
          "id": 16521,
          "name": "Innisfil"
        },
        {
          "id": 16525,
          "name": "Iroquois Falls"
        },
        {
          "id": 16527,
          "name": "Jarvis"
        },
        {
          "id": 16533,
          "name": "Kanata"
        },
        {
          "id": 16534,
          "name": "Kapuskasing"
        },
        {
          "id": 16535,
          "name": "Kawartha Lakes"
        },
        {
          "id": 16537,
          "name": "Kenora"
        },
        {
          "id": 16541,
          "name": "Keswick"
        },
        {
          "id": 16546,
          "name": "Kincardine"
        },
        {
          "id": 16548,
          "name": "King"
        },
        {
          "id": 16550,
          "name": "Kingston"
        },
        {
          "id": 16552,
          "name": "Kirkland Lake"
        },
        {
          "id": 16553,
          "name": "Kitchener"
        },
        {
          "id": 16560,
          "name": "L'Orignal"
        },
        {
          "id": 16590,
          "name": "Lakefield"
        },
        {
          "id": 16591,
          "name": "Lambton Shores"
        },
        {
          "id": 16601,
          "name": "Lappe"
        },
        {
          "id": 16607,
          "name": "Leamington"
        },
        {
          "id": 16617,
          "name": "Limoges"
        },
        {
          "id": 16619,
          "name": "Lindsay"
        },
        {
          "id": 16622,
          "name": "Listowel"
        },
        {
          "id": 16623,
          "name": "Little Current"
        },
        {
          "id": 16624,
          "name": "Lively"
        },
        {
          "id": 16627,
          "name": "London"
        },
        {
          "id": 16633,
          "name": "Lucan"
        },
        {
          "id": 16643,
          "name": "Madoc"
        },
        {
          "id": 16650,
          "name": "Manitoulin District"
        },
        {
          "id": 16651,
          "name": "Manitouwadge"
        },
        {
          "id": 16658,
          "name": "Marathon"
        },
        {
          "id": 16661,
          "name": "Markdale"
        },
        {
          "id": 16662,
          "name": "Markham"
        },
        {
          "id": 16669,
          "name": "Mattawa"
        },
        {
          "id": 16674,
          "name": "Meaford"
        },
        {
          "id": 16683,
          "name": "Metcalfe"
        },
        {
          "id": 16687,
          "name": "Midland"
        },
        {
          "id": 16688,
          "name": "Mildmay"
        },
        {
          "id": 16690,
          "name": "Millbrook"
        },
        {
          "id": 16692,
          "name": "Milton"
        },
        {
          "id": 16697,
          "name": "Mississauga"
        },
        {
          "id": 16698,
          "name": "Mississauga Beach"
        },
        {
          "id": 16712,
          "name": "Moose Factory"
        },
        {
          "id": 16716,
          "name": "Moosonee"
        },
        {
          "id": 16721,
          "name": "Morrisburg"
        },
        {
          "id": 16722,
          "name": "Mount Albert"
        },
        {
          "id": 16723,
          "name": "Mount Brydges"
        },
        {
          "id": 16730,
          "name": "Napanee"
        },
        {
          "id": 16731,
          "name": "Napanee Downtown"
        },
        {
          "id": 16733,
          "name": "Neebing"
        },
        {
          "id": 16736,
          "name": "Nepean"
        },
        {
          "id": 16740,
          "name": "New Hamburg"
        },
        {
          "id": 16744,
          "name": "Newmarket"
        },
        {
          "id": 16745,
          "name": "Niagara Falls"
        },
        {
          "id": 16748,
          "name": "Nipissing District"
        },
        {
          "id": 16752,
          "name": "Norfolk County"
        },
        {
          "id": 16756,
          "name": "North Bay"
        },
        {
          "id": 16759,
          "name": "North Perth"
        },
        {
          "id": 16762,
          "name": "North York"
        },
        {
          "id": 16763,
          "name": "Norwood"
        },
        {
          "id": 16770,
          "name": "Oakville"
        },
        {
          "id": 16777,
          "name": "Omemee"
        },
        {
          "id": 16778,
          "name": "Orangeville"
        },
        {
          "id": 16779,
          "name": "Orillia"
        },
        {
          "id": 16782,
          "name": "Osgoode"
        },
        {
          "id": 16783,
          "name": "Oshawa"
        },
        {
          "id": 16785,
          "name": "Ottawa"
        },
        {
          "id": 16789,
          "name": "Owen Sound"
        },
        {
          "id": 16792,
          "name": "Paisley"
        },
        {
          "id": 16796,
          "name": "Paris"
        },
        {
          "id": 16797,
          "name": "Parkhill"
        },
        {
          "id": 16800,
          "name": "Parry Sound"
        },
        {
          "id": 16801,
          "name": "Parry Sound District"
        },
        {
          "id": 16806,
          "name": "Peel"
        },
        {
          "id": 16809,
          "name": "Pembroke"
        },
        {
          "id": 16812,
          "name": "Perth"
        },
        {
          "id": 16813,
          "name": "Petawawa"
        },
        {
          "id": 16814,
          "name": "Peterborough"
        },
        {
          "id": 16815,
          "name": "Petrolia"
        },
        {
          "id": 16816,
          "name": "Pickering"
        },
        {
          "id": 16817,
          "name": "Picton"
        },
        {
          "id": 16827,
          "name": "Plantagenet"
        },
        {
          "id": 16828,
          "name": "Plattsville"
        },
        {
          "id": 16838,
          "name": "Port Colborne"
        },
        {
          "id": 16841,
          "name": "Port Hope"
        },
        {
          "id": 16844,
          "name": "Port Rowan"
        },
        {
          "id": 16845,
          "name": "Port Stanley"
        },
        {
          "id": 16850,
          "name": "Powassan"
        },
        {
          "id": 16853,
          "name": "Prescott"
        },
        {
          "id": 16855,
          "name": "Prince Edward"
        },
        {
          "id": 16864,
          "name": "Queenswood Heights"
        },
        {
          "id": 16866,
          "name": "Quinte West"
        },
        {
          "id": 16868,
          "name": "Rainy River District"
        },
        {
          "id": 16872,
          "name": "Rayside-Balfour"
        },
        {
          "id": 16874,
          "name": "Red Lake"
        },
        {
          "id": 16879,
          "name": "Regional Municipality of Waterloo"
        },
        {
          "id": 16880,
          "name": "Renfrew"
        },
        {
          "id": 16887,
          "name": "Richmond"
        },
        {
          "id": 16888,
          "name": "Richmond Hill"
        },
        {
          "id": 16890,
          "name": "Ridgetown"
        },
        {
          "id": 16900,
          "name": "Rockwood"
        },
        {
          "id": 16909,
          "name": "Russell"
        },
        {
          "id": 17020,
          "name": "Sarnia"
        },
        {
          "id": 17022,
          "name": "Sault Ste. Marie"
        },
        {
          "id": 17023,
          "name": "Scarborough"
        },
        {
          "id": 17024,
          "name": "Seaforth"
        },
        {
          "id": 17036,
          "name": "Shelburne"
        },
        {
          "id": 17045,
          "name": "Simcoe"
        },
        {
          "id": 17046,
          "name": "Sioux Lookout"
        },
        {
          "id": 17048,
          "name": "Skatepark"
        },
        {
          "id": 17051,
          "name": "Smiths Falls"
        },
        {
          "id": 17057,
          "name": "South Huron"
        },
        {
          "id": 17059,
          "name": "South River"
        },
        {
          "id": 17070,
          "name": "St. Catharines"
        },
        {
          "id": 17071,
          "name": "St. George"
        },
        {
          "id": 17073,
          "name": "St. Thomas"
        },
        {
          "id": 17079,
          "name": "Stirling"
        },
        {
          "id": 17081,
          "name": "Stoney Point"
        },
        {
          "id": 17083,
          "name": "Stratford"
        },
        {
          "id": 17085,
          "name": "Sudbury"
        },
        {
          "id": 17100,
          "name": "Tavistock"
        },
        {
          "id": 17101,
          "name": "Temiskaming Shores"
        },
        {
          "id": 17106,
          "name": "Thessalon"
        },
        {
          "id": 149581,
          "name": "Thornhill"
        },
        {
          "id": 17109,
          "name": "Thorold"
        },
        {
          "id": 17111,
          "name": "Thunder Bay"
        },
        {
          "id": 17112,
          "name": "Thunder Bay District"
        },
        {
          "id": 17114,
          "name": "Timiskaming District"
        },
        {
          "id": 17115,
          "name": "Timmins"
        },
        {
          "id": 17117,
          "name": "Tobermory"
        },
        {
          "id": 17121,
          "name": "Toronto"
        },
        {
          "id": 17122,
          "name": "Toronto county"
        },
        {
          "id": 17123,
          "name": "Tottenham"
        },
        {
          "id": 17130,
          "name": "Tweed"
        },
        {
          "id": 17136,
          "name": "Uxbridge"
        },
        {
          "id": 17142,
          "name": "Valley East"
        },
        {
          "id": 17147,
          "name": "Vanier"
        },
        {
          "id": 17150,
          "name": "Vaughan"
        },
        {
          "id": 17160,
          "name": "Vineland"
        },
        {
          "id": 17162,
          "name": "Virgil"
        },
        {
          "id": 17169,
          "name": "Walpole Island"
        },
        {
          "id": 17172,
          "name": "Wasaga Beach"
        },
        {
          "id": 17175,
          "name": "Waterford"
        },
        {
          "id": 17176,
          "name": "Waterloo"
        },
        {
          "id": 17178,
          "name": "Watford"
        },
        {
          "id": 17181,
          "name": "Wawa"
        },
        {
          "id": 17184,
          "name": "Welland"
        },
        {
          "id": 17185,
          "name": "Wellesley"
        },
        {
          "id": 17188,
          "name": "Wendover"
        },
        {
          "id": 17191,
          "name": "West Lorne"
        },
        {
          "id": 17208,
          "name": "Willowdale"
        },
        {
          "id": 17209,
          "name": "Winchester"
        },
        {
          "id": 17212,
          "name": "Windsor"
        },
        {
          "id": 17213,
          "name": "Wingham"
        },
        {
          "id": 17217,
          "name": "Woodstock"
        },
        {
          "id": 17222,
          "name": "York"
        }
      ]
    },
    {
      "id": 871,
      "name": "Prince Edward Island",
      "state_code": "PE",
      "cities": [
        {
          "id": 16154,
          "name": "Alberton"
        },
        {
          "id": 16210,
          "name": "Belfast"
        },
        {
          "id": 16297,
          "name": "Charlottetown"
        },
        {
          "id": 16338,
          "name": "Cornwall"
        },
        {
          "id": 16417,
          "name": "Fallingbrook"
        },
        {
          "id": 16538,
          "name": "Kensington"
        },
        {
          "id": 16707,
          "name": "Montague"
        },
        {
          "id": 17055,
          "name": "Souris"
        },
        {
          "id": 17087,
          "name": "Summerside"
        }
      ]
    },
    {
      "id": 873,
      "name": "Quebec",
      "state_code": "QC",
      "cities": [
        {
          "id": 16147,
          "name": "Abitibi-Témiscamingue"
        },
        {
          "id": 16148,
          "name": "Acton Vale"
        },
        {
          "id": 16149,
          "name": "Adstock"
        },
        {
          "id": 16153,
          "name": "Albanel"
        },
        {
          "id": 16159,
          "name": "Alma"
        },
        {
          "id": 16164,
          "name": "Amos"
        },
        {
          "id": 16165,
          "name": "Amqui"
        },
        {
          "id": 16167,
          "name": "Ange-Gardien"
        },
        {
          "id": 16175,
          "name": "Asbestos"
        },
        {
          "id": 16185,
          "name": "Baie-Comeau"
        },
        {
          "id": 16186,
          "name": "Baie-D'Urfé"
        },
        {
          "id": 16187,
          "name": "Baie-Saint-Paul"
        },
        {
          "id": 16191,
          "name": "Barraute"
        },
        {
          "id": 16195,
          "name": "Bas-Saint-Laurent"
        },
        {
          "id": 16201,
          "name": "Beaconsfield"
        },
        {
          "id": 16202,
          "name": "Beauceville"
        },
        {
          "id": 16203,
          "name": "Beauharnois"
        },
        {
          "id": 16205,
          "name": "Beaupré"
        },
        {
          "id": 16255,
          "name": "Bécancour"
        },
        {
          "id": 16208,
          "name": "Bedford"
        },
        {
          "id": 16214,
          "name": "Beloeil"
        },
        {
          "id": 16215,
          "name": "Berthierville"
        },
        {
          "id": 16221,
          "name": "Blainville"
        },
        {
          "id": 16223,
          "name": "Bois-des-Filion"
        },
        {
          "id": 16224,
          "name": "Boisbriand"
        },
        {
          "id": 16227,
          "name": "Bonaventure"
        },
        {
          "id": 16231,
          "name": "Boucherville"
        },
        {
          "id": 16241,
          "name": "Breakeyville"
        },
        {
          "id": 16244,
          "name": "Bromont"
        },
        {
          "id": 16246,
          "name": "Brossard"
        },
        {
          "id": 16247,
          "name": "Brownsburg-Chatham"
        },
        {
          "id": 16249,
          "name": "Buckingham"
        },
        {
          "id": 16256,
          "name": "Cabano"
        },
        {
          "id": 16258,
          "name": "Cacouna"
        },
        {
          "id": 16266,
          "name": "Candiac"
        },
        {
          "id": 16269,
          "name": "Cantley"
        },
        {
          "id": 16270,
          "name": "Cap-Chat"
        },
        {
          "id": 16271,
          "name": "Cap-Santé"
        },
        {
          "id": 16273,
          "name": "Capitale-Nationale"
        },
        {
          "id": 16278,
          "name": "Carignan"
        },
        {
          "id": 16279,
          "name": "Carleton"
        },
        {
          "id": 16281,
          "name": "Carleton-sur-Mer"
        },
        {
          "id": 16290,
          "name": "Centre-du-Québec"
        },
        {
          "id": 16291,
          "name": "Chambly"
        },
        {
          "id": 16292,
          "name": "Chambord"
        },
        {
          "id": 16293,
          "name": "Chandler"
        },
        {
          "id": 16295,
          "name": "Chapais"
        },
        {
          "id": 16296,
          "name": "Charlemagne"
        },
        {
          "id": 16310,
          "name": "Château-Richer"
        },
        {
          "id": 16311,
          "name": "Châteauguay"
        },
        {
          "id": 16301,
          "name": "Chaudière-Appalaches"
        },
        {
          "id": 16303,
          "name": "Chertsey"
        },
        {
          "id": 16307,
          "name": "Chibougamau"
        },
        {
          "id": 16309,
          "name": "Chute-aux-Outardes"
        },
        {
          "id": 16318,
          "name": "Coaticook"
        },
        {
          "id": 16330,
          "name": "Contrecoeur"
        },
        {
          "id": 16331,
          "name": "Cookshire"
        },
        {
          "id": 16332,
          "name": "Cookshire-Eaton"
        },
        {
          "id": 16351,
          "name": "Côte-Nord"
        },
        {
          "id": 16352,
          "name": "Côte-Saint-Luc"
        },
        {
          "id": 16340,
          "name": "Coteau-du-Lac"
        },
        {
          "id": 16343,
          "name": "Cowansville"
        },
        {
          "id": 16345,
          "name": "Crabtree"
        },
        {
          "id": 16354,
          "name": "Danville"
        },
        {
          "id": 16357,
          "name": "Daveluyville"
        },
        {
          "id": 16365,
          "name": "Delson"
        },
        {
          "id": 16370,
          "name": "Deux-Montagnes"
        },
        {
          "id": 16376,
          "name": "Disraeli"
        },
        {
          "id": 16377,
          "name": "Dolbeau-Mistassini"
        },
        {
          "id": 16378,
          "name": "Dollard-Des Ormeaux"
        },
        {
          "id": 16379,
          "name": "Donnacona"
        },
        {
          "id": 16381,
          "name": "Dorval"
        },
        {
          "id": 16384,
          "name": "Drummondville"
        },
        {
          "id": 16388,
          "name": "Dunham"
        },
        {
          "id": 16391,
          "name": "East Angus"
        },
        {
          "id": 16392,
          "name": "East Broughton"
        },
        {
          "id": 16418,
          "name": "Farnham"
        },
        {
          "id": 16419,
          "name": "Ferme-Neuve"
        },
        {
          "id": 16420,
          "name": "Fermont"
        },
        {
          "id": 16426,
          "name": "Forestville"
        },
        {
          "id": 16436,
          "name": "Fort-Coulonge"
        },
        {
          "id": 16437,
          "name": "Fossambault-sur-le-Lac"
        },
        {
          "id": 16439,
          "name": "Franklin"
        },
        {
          "id": 16447,
          "name": "Gaspé"
        },
        {
          "id": 16448,
          "name": "Gaspésie-Îles-de-la-Madeleine"
        },
        {
          "id": 16449,
          "name": "Gatineau"
        },
        {
          "id": 16456,
          "name": "Godefroy"
        },
        {
          "id": 16461,
          "name": "Granby"
        },
        {
          "id": 16485,
          "name": "Hampstead"
        },
        {
          "id": 16495,
          "name": "Hauterive"
        },
        {
          "id": 16496,
          "name": "Havre-Saint-Pierre"
        },
        {
          "id": 16517,
          "name": "Hérouxville"
        },
        {
          "id": 16511,
          "name": "Hudson"
        },
        {
          "id": 16514,
          "name": "Huntingdon"
        },
        {
          "id": 16529,
          "name": "Joliette"
        },
        {
          "id": 16530,
          "name": "Jonquière"
        },
        {
          "id": 16549,
          "name": "Kingsey Falls"
        },
        {
          "id": 16551,
          "name": "Kirkland"
        },
        {
          "id": 16556,
          "name": "L'Ancienne-Lorette"
        },
        {
          "id": 16557,
          "name": "L'Ange-Gardien"
        },
        {
          "id": 16558,
          "name": "L'Ascension-de-Notre-Seigneur"
        },
        {
          "id": 16559,
          "name": "L'Assomption"
        },
        {
          "id": 16561,
          "name": "L'Épiphanie"
        },
        {
          "id": 16562,
          "name": "L'Île-Perrot"
        },
        {
          "id": 16564,
          "name": "La Conception"
        },
        {
          "id": 16565,
          "name": "La Haute-Saint-Charles"
        },
        {
          "id": 16566,
          "name": "La Malbaie"
        },
        {
          "id": 16567,
          "name": "La Minerve"
        },
        {
          "id": 16568,
          "name": "La Pocatière"
        },
        {
          "id": 16569,
          "name": "La Prairie"
        },
        {
          "id": 16571,
          "name": "La Sarre"
        },
        {
          "id": 16572,
          "name": "La Tuque"
        },
        {
          "id": 16573,
          "name": "Labelle"
        },
        {
          "id": 16577,
          "name": "Lac-Alouette"
        },
        {
          "id": 16578,
          "name": "Lac-Brome"
        },
        {
          "id": 16579,
          "name": "Lac-Connelly"
        },
        {
          "id": 16580,
          "name": "Lac-Lapierre"
        },
        {
          "id": 16581,
          "name": "Lac-Mégantic"
        },
        {
          "id": 16582,
          "name": "Lac-Simon"
        },
        {
          "id": 16583,
          "name": "Lachute"
        },
        {
          "id": 16584,
          "name": "Lacolle"
        },
        {
          "id": 16599,
          "name": "Lanoraie"
        },
        {
          "id": 16604,
          "name": "Laval"
        },
        {
          "id": 16605,
          "name": "Lavaltrie"
        },
        {
          "id": 16606,
          "name": "Le Bic"
        },
        {
          "id": 17224,
          "name": "le Plateau"
        },
        {
          "id": 16608,
          "name": "Lebel-sur-Quévillon"
        },
        {
          "id": 16609,
          "name": "Leblanc"
        },
        {
          "id": 16612,
          "name": "Les Cèdres"
        },
        {
          "id": 16611,
          "name": "Les Coteaux"
        },
        {
          "id": 16613,
          "name": "Les Escoumins"
        },
        {
          "id": 16639,
          "name": "Lévis"
        },
        {
          "id": 16620,
          "name": "Linière"
        },
        {
          "id": 16628,
          "name": "Longueuil"
        },
        {
          "id": 16630,
          "name": "Lorraine"
        },
        {
          "id": 16631,
          "name": "Louiseville"
        },
        {
          "id": 16634,
          "name": "Luceville"
        },
        {
          "id": 16640,
          "name": "Macamic"
        },
        {
          "id": 16644,
          "name": "Magog"
        },
        {
          "id": 16646,
          "name": "Malartic"
        },
        {
          "id": 16647,
          "name": "Maliotenam"
        },
        {
          "id": 16648,
          "name": "Manawan"
        },
        {
          "id": 16649,
          "name": "Mandeville"
        },
        {
          "id": 16652,
          "name": "Maniwaki"
        },
        {
          "id": 16659,
          "name": "Maria"
        },
        {
          "id": 16660,
          "name": "Marieville"
        },
        {
          "id": 16665,
          "name": "Mascouche"
        },
        {
          "id": 16666,
          "name": "Maskinongé"
        },
        {
          "id": 16667,
          "name": "Matagami"
        },
        {
          "id": 16668,
          "name": "Matane"
        },
        {
          "id": 16670,
          "name": "Mauricie"
        },
        {
          "id": 16678,
          "name": "Melocheville"
        },
        {
          "id": 16680,
          "name": "Mercier"
        },
        {
          "id": 16725,
          "name": "Métabetchouan"
        },
        {
          "id": 16682,
          "name": "Metabetchouan-Lac-a-la-Croix"
        },
        {
          "id": 16694,
          "name": "Mirabel"
        },
        {
          "id": 16699,
          "name": "Mistissini"
        },
        {
          "id": 16701,
          "name": "Mont-Joli"
        },
        {
          "id": 16702,
          "name": "Mont-Laurier"
        },
        {
          "id": 16703,
          "name": "Mont-Royal"
        },
        {
          "id": 16704,
          "name": "Mont-Saint-Grégoire"
        },
        {
          "id": 16705,
          "name": "Mont-Saint-Hilaire"
        },
        {
          "id": 16706,
          "name": "Mont-Tremblant"
        },
        {
          "id": 16708,
          "name": "Montmagny"
        },
        {
          "id": 16709,
          "name": "Montréal"
        },
        {
          "id": 16710,
          "name": "Montréal-Est"
        },
        {
          "id": 16711,
          "name": "Montréal-Ouest"
        },
        {
          "id": 16718,
          "name": "Morin-Heights"
        },
        {
          "id": 16732,
          "name": "Napierville"
        },
        {
          "id": 16737,
          "name": "Neuville"
        },
        {
          "id": 16738,
          "name": "New Carlisle"
        },
        {
          "id": 16743,
          "name": "New-Richmond"
        },
        {
          "id": 16746,
          "name": "Nicolet"
        },
        {
          "id": 16751,
          "name": "Nord-du-Québec"
        },
        {
          "id": 16754,
          "name": "Normandin"
        },
        {
          "id": 16764,
          "name": "Notre-Dame-de-Grâce"
        },
        {
          "id": 16765,
          "name": "Notre-Dame-de-l'Île-Perrot"
        },
        {
          "id": 16766,
          "name": "Notre-Dame-des-Prairies"
        },
        {
          "id": 16767,
          "name": "Notre-Dame-du-Lac"
        },
        {
          "id": 16768,
          "name": "Notre-Dame-du-Mont-Carmel"
        },
        {
          "id": 16771,
          "name": "Oka"
        },
        {
          "id": 16780,
          "name": "Ormstown"
        },
        {
          "id": 16786,
          "name": "Otterburn Park"
        },
        {
          "id": 16787,
          "name": "Outaouais"
        },
        {
          "id": 16794,
          "name": "Papineauville"
        },
        {
          "id": 16795,
          "name": "Parc-Boutin"
        },
        {
          "id": 16821,
          "name": "Piedmont"
        },
        {
          "id": 16822,
          "name": "Pierreville"
        },
        {
          "id": 16825,
          "name": "Pincourt"
        },
        {
          "id": 16829,
          "name": "Plessisville"
        },
        {
          "id": 16830,
          "name": "Pohénégamook"
        },
        {
          "id": 16831,
          "name": "Pointe-Calumet"
        },
        {
          "id": 16832,
          "name": "Pointe-Claire"
        },
        {
          "id": 16833,
          "name": "Pointe-du-Lac"
        },
        {
          "id": 16835,
          "name": "Pont Rouge"
        },
        {
          "id": 16836,
          "name": "Pont-Rouge"
        },
        {
          "id": 16847,
          "name": "Port-Cartier"
        },
        {
          "id": 16849,
          "name": "Portneuf"
        },
        {
          "id": 16862,
          "name": "Prévost"
        },
        {
          "id": 16860,
          "name": "Princeville"
        },
        {
          "id": 16867,
          "name": "Québec"
        },
        {
          "id": 16870,
          "name": "Rawdon"
        },
        {
          "id": 16881,
          "name": "Repentigny"
        },
        {
          "id": 16883,
          "name": "Richelieu"
        },
        {
          "id": 16886,
          "name": "Richmond"
        },
        {
          "id": 16891,
          "name": "Rigaud"
        },
        {
          "id": 16893,
          "name": "Rimouski"
        },
        {
          "id": 16896,
          "name": "Rivière-du-Loup"
        },
        {
          "id": 16895,
          "name": "Rivière-Rouge"
        },
        {
          "id": 16897,
          "name": "Roberval"
        },
        {
          "id": 16899,
          "name": "Rock Forest"
        },
        {
          "id": 16902,
          "name": "Rosemère"
        },
        {
          "id": 16906,
          "name": "Rougemont"
        },
        {
          "id": 16907,
          "name": "Rouyn-Noranda"
        },
        {
          "id": 16911,
          "name": "Sacré-Coeur"
        },
        {
          "id": 16912,
          "name": "Saguenay"
        },
        {
          "id": 16915,
          "name": "Saint-Adolphe-d'Howard"
        },
        {
          "id": 16916,
          "name": "Saint-Alexandre"
        },
        {
          "id": 16917,
          "name": "Saint-Amable"
        },
        {
          "id": 16918,
          "name": "Saint-Ambroise"
        },
        {
          "id": 16919,
          "name": "Saint-André-Avellin"
        },
        {
          "id": 16920,
          "name": "Saint-Anselme"
        },
        {
          "id": 16922,
          "name": "Saint-Antoine-de-Tilly"
        },
        {
          "id": 16923,
          "name": "Saint-Augustin"
        },
        {
          "id": 16924,
          "name": "Saint-Augustin-de-Desmaures"
        },
        {
          "id": 16925,
          "name": "Saint-Barnabé-Sud"
        },
        {
          "id": 16926,
          "name": "Saint-Basile-le-Grand"
        },
        {
          "id": 16927,
          "name": "Saint-Boniface"
        },
        {
          "id": 16928,
          "name": "Saint-Bruno"
        },
        {
          "id": 16929,
          "name": "Saint-Bruno-de-Guigues"
        },
        {
          "id": 16930,
          "name": "Saint-Bruno-de-Montarville"
        },
        {
          "id": 16931,
          "name": "Saint-Canut"
        },
        {
          "id": 16935,
          "name": "Saint-Césaire"
        },
        {
          "id": 16932,
          "name": "Saint-Charles"
        },
        {
          "id": 16936,
          "name": "Saint-Côme-Linière"
        },
        {
          "id": 16933,
          "name": "Saint-Constant"
        },
        {
          "id": 16934,
          "name": "Saint-Cyrille-de-Wendover"
        },
        {
          "id": 16937,
          "name": "Saint-Damase"
        },
        {
          "id": 16938,
          "name": "Saint-Denis-sur-Richelieu"
        },
        {
          "id": 16939,
          "name": "Saint-Donat-de-Montcalm"
        },
        {
          "id": 16992,
          "name": "Saint-Édouard"
        },
        {
          "id": 16940,
          "name": "Saint-Elzéar"
        },
        {
          "id": 16993,
          "name": "Saint-Éphrem-de-Beauce"
        },
        {
          "id": 16941,
          "name": "Saint-Eustache"
        },
        {
          "id": 16942,
          "name": "Saint-Félicien"
        },
        {
          "id": 16943,
          "name": "Saint-Félix-de-Valois"
        },
        {
          "id": 16944,
          "name": "Saint-Gabriel"
        },
        {
          "id": 16947,
          "name": "Saint-Gédéon"
        },
        {
          "id": 16945,
          "name": "Saint-Georges"
        },
        {
          "id": 16946,
          "name": "Saint-Germain-de-Grantham"
        },
        {
          "id": 16948,
          "name": "Saint-Henri"
        },
        {
          "id": 16949,
          "name": "Saint-Hippolyte"
        },
        {
          "id": 16950,
          "name": "Saint-Honoré"
        },
        {
          "id": 16951,
          "name": "Saint-Hyacinthe"
        },
        {
          "id": 16952,
          "name": "Saint-Isidore"
        },
        {
          "id": 16953,
          "name": "Saint-Jacques-le-Mineur"
        },
        {
          "id": 16954,
          "name": "Saint-Jean-Baptiste"
        },
        {
          "id": 16955,
          "name": "Saint-Jean-sur-Richelieu"
        },
        {
          "id": 16960,
          "name": "Saint-Jérôme"
        },
        {
          "id": 16956,
          "name": "Saint-Joseph"
        },
        {
          "id": 16957,
          "name": "Saint-Joseph-de-Beauce"
        },
        {
          "id": 16958,
          "name": "Saint-Joseph-de-Coleraine"
        },
        {
          "id": 16959,
          "name": "Saint-Joseph-du-Lac"
        },
        {
          "id": 16961,
          "name": "Saint-Lambert-de-Lauzon"
        },
        {
          "id": 16962,
          "name": "Saint-Laurent"
        },
        {
          "id": 16963,
          "name": "Saint-Lazare"
        },
        {
          "id": 16966,
          "name": "Saint-Léonard"
        },
        {
          "id": 16968,
          "name": "Saint-Léonard-d'Aston"
        },
        {
          "id": 16964,
          "name": "Saint-Liboire"
        },
        {
          "id": 16965,
          "name": "Saint-Lin-Laurentides"
        },
        {
          "id": 16969,
          "name": "Saint-Marc-des-Carrières"
        },
        {
          "id": 16970,
          "name": "Saint-Mathieu"
        },
        {
          "id": 16971,
          "name": "Saint-Michel"
        },
        {
          "id": 16972,
          "name": "Saint-Michel-des-Saints"
        },
        {
          "id": 16973,
          "name": "Saint-Nazaire"
        },
        {
          "id": 16974,
          "name": "Saint-Norbert"
        },
        {
          "id": 16975,
          "name": "Saint-Pacôme"
        },
        {
          "id": 16976,
          "name": "Saint-Pascal"
        },
        {
          "id": 16977,
          "name": "Saint-Philippe-de-La Prairie"
        },
        {
          "id": 16978,
          "name": "Saint-Pie"
        },
        {
          "id": 16979,
          "name": "Saint-Pierre-les-Becquets"
        },
        {
          "id": 16980,
          "name": "Saint-Prime"
        },
        {
          "id": 16981,
          "name": "Saint-Raphaël"
        },
        {
          "id": 16982,
          "name": "Saint-Raymond"
        },
        {
          "id": 16983,
          "name": "Saint-Rémi"
        },
        {
          "id": 16984,
          "name": "Saint-Rémi-de-Tingwick"
        },
        {
          "id": 16985,
          "name": "Saint-Sauveur"
        },
        {
          "id": 16986,
          "name": "Saint-Sauveur-des-Monts"
        },
        {
          "id": 16987,
          "name": "Saint-Siméon"
        },
        {
          "id": 16988,
          "name": "Saint-Thomas"
        },
        {
          "id": 16989,
          "name": "Saint-Tite"
        },
        {
          "id": 16990,
          "name": "Saint-Victor"
        },
        {
          "id": 16991,
          "name": "Saint-Zotique"
        },
        {
          "id": 16994,
          "name": "Sainte Catherine de la Jacques Cartier"
        },
        {
          "id": 16995,
          "name": "Sainte-Adèle"
        },
        {
          "id": 16996,
          "name": "Sainte-Agathe-des-Monts"
        },
        {
          "id": 16997,
          "name": "Sainte-Anne-de-Bellevue"
        },
        {
          "id": 16998,
          "name": "Sainte-Anne-des-Monts"
        },
        {
          "id": 16999,
          "name": "Sainte-Anne-des-Plaines"
        },
        {
          "id": 17000,
          "name": "Sainte-Béatrix"
        },
        {
          "id": 17001,
          "name": "Sainte-Catherine"
        },
        {
          "id": 17002,
          "name": "Sainte-Croix"
        },
        {
          "id": 17012,
          "name": "Sainte-Élisabeth"
        },
        {
          "id": 17003,
          "name": "Sainte-Julie"
        },
        {
          "id": 17004,
          "name": "Sainte-Julienne"
        },
        {
          "id": 17005,
          "name": "Sainte-Madeleine"
        },
        {
          "id": 17006,
          "name": "Sainte-Marie"
        },
        {
          "id": 17007,
          "name": "Sainte-Marthe-sur-le-Lac"
        },
        {
          "id": 17008,
          "name": "Sainte-Martine"
        },
        {
          "id": 17009,
          "name": "Sainte-Sophie"
        },
        {
          "id": 17010,
          "name": "Sainte-Thècle"
        },
        {
          "id": 17011,
          "name": "Sainte-Thérèse"
        },
        {
          "id": 17013,
          "name": "Salaberry-de-Valleyfield"
        },
        {
          "id": 17015,
          "name": "Salluit"
        },
        {
          "id": 17027,
          "name": "Senneterre"
        },
        {
          "id": 17028,
          "name": "Sept-Îles"
        },
        {
          "id": 17030,
          "name": "Shannon"
        },
        {
          "id": 17032,
          "name": "Shawinigan"
        },
        {
          "id": 17033,
          "name": "Shawville"
        },
        {
          "id": 17039,
          "name": "Sherbrooke"
        },
        {
          "id": 17054,
          "name": "Sorel-Tracy"
        },
        {
          "id": 17066,
          "name": "St-Jean-Port-Joli"
        },
        {
          "id": 17091,
          "name": "Sutton"
        },
        {
          "id": 17132,
          "name": "Témiscaming"
        },
        {
          "id": 17103,
          "name": "Terrasse-des-Pins"
        },
        {
          "id": 17104,
          "name": "Terrebonne"
        },
        {
          "id": 17107,
          "name": "Thetford-Mines"
        },
        {
          "id": 17113,
          "name": "Thurso"
        },
        {
          "id": 17126,
          "name": "Trois-Rivières"
        },
        {
          "id": 17139,
          "name": "Val-d'Or"
        },
        {
          "id": 17137,
          "name": "Val-David"
        },
        {
          "id": 17140,
          "name": "Val-des-Monts"
        },
        {
          "id": 17138,
          "name": "Val-Morin"
        },
        {
          "id": 17141,
          "name": "Valcourt"
        },
        {
          "id": 17144,
          "name": "Vallée-Jonction"
        },
        {
          "id": 17148,
          "name": "Varennes"
        },
        {
          "id": 17149,
          "name": "Vaudreuil-Dorion"
        },
        {
          "id": 17152,
          "name": "Venise-en-Québec"
        },
        {
          "id": 17153,
          "name": "Verchères"
        },
        {
          "id": 17157,
          "name": "Victoriaville"
        },
        {
          "id": 17159,
          "name": "Ville-Marie"
        },
        {
          "id": 17167,
          "name": "Wakefield"
        },
        {
          "id": 17171,
          "name": "Warwick"
        },
        {
          "id": 17173,
          "name": "Waskaganish"
        },
        {
          "id": 17174,
          "name": "Waswanipi"
        },
        {
          "id": 17177,
          "name": "Waterloo"
        },
        {
          "id": 17182,
          "name": "Weedon Centre"
        },
        {
          "id": 17196,
          "name": "Westmount"
        },
        {
          "id": 17199,
          "name": "Weymontachie"
        },
        {
          "id": 17210,
          "name": "Windsor"
        },
        {
          "id": 17219,
          "name": "Yamachiche"
        }
      ]
    },
    {
      "id": 870,
      "name": "Saskatchewan",
      "state_code": "SK",
      "cities": [
        {
          "id": 16177,
          "name": "Assiniboia"
        },
        {
          "id": 16217,
          "name": "Biggar"
        },
        {
          "id": 16268,
          "name": "Canora"
        },
        {
          "id": 16282,
          "name": "Carlyle"
        },
        {
          "id": 16353,
          "name": "Dalmeny"
        },
        {
          "id": 16410,
          "name": "Esterhazy"
        },
        {
          "id": 16411,
          "name": "Estevan"
        },
        {
          "id": 16424,
          "name": "Foam Lake"
        },
        {
          "id": 16469,
          "name": "Gravelbourg"
        },
        {
          "id": 16512,
          "name": "Hudson Bay"
        },
        {
          "id": 16513,
          "name": "Humboldt"
        },
        {
          "id": 16519,
          "name": "Indian Head"
        },
        {
          "id": 16532,
          "name": "Kamsack"
        },
        {
          "id": 16540,
          "name": "Kerrobert"
        },
        {
          "id": 16547,
          "name": "Kindersley"
        },
        {
          "id": 16570,
          "name": "La Ronge"
        },
        {
          "id": 16594,
          "name": "Langenburg"
        },
        {
          "id": 16596,
          "name": "Langham"
        },
        {
          "id": 16598,
          "name": "Lanigan"
        },
        {
          "id": 16636,
          "name": "Lumsden"
        },
        {
          "id": 16642,
          "name": "Macklin"
        },
        {
          "id": 16655,
          "name": "Maple Creek"
        },
        {
          "id": 16663,
          "name": "Martensville"
        },
        {
          "id": 16673,
          "name": "Meadow Lake"
        },
        {
          "id": 16676,
          "name": "Melfort"
        },
        {
          "id": 16679,
          "name": "Melville"
        },
        {
          "id": 16713,
          "name": "Moose Jaw"
        },
        {
          "id": 16715,
          "name": "Moosomin"
        },
        {
          "id": 16747,
          "name": "Nipawin"
        },
        {
          "id": 16755,
          "name": "North Battleford"
        },
        {
          "id": 16788,
          "name": "Outlook"
        },
        {
          "id": 16790,
          "name": "Oxbow"
        },
        {
          "id": 16807,
          "name": "Pelican Narrows"
        },
        {
          "id": 16823,
          "name": "Pilot Butte"
        },
        {
          "id": 16852,
          "name": "Preeceville"
        },
        {
          "id": 16854,
          "name": "Prince Albert"
        },
        {
          "id": 16875,
          "name": "Regina"
        },
        {
          "id": 16876,
          "name": "Regina Beach"
        },
        {
          "id": 16903,
          "name": "Rosetown"
        },
        {
          "id": 16905,
          "name": "Rosthern"
        },
        {
          "id": 17021,
          "name": "Saskatoon"
        },
        {
          "id": 17031,
          "name": "Shaunavon"
        },
        {
          "id": 17038,
          "name": "Shellbrook"
        },
        {
          "id": 17094,
          "name": "Swift Current"
        },
        {
          "id": 17116,
          "name": "Tisdale"
        },
        {
          "id": 17134,
          "name": "Unity"
        },
        {
          "id": 17165,
          "name": "Wadena"
        },
        {
          "id": 17170,
          "name": "Warman"
        },
        {
          "id": 17179,
          "name": "Watrous"
        },
        {
          "id": 17198,
          "name": "Weyburn"
        },
        {
          "id": 17201,
          "name": "White City"
        },
        {
          "id": 17206,
          "name": "Wilkie"
        },
        {
          "id": 17218,
          "name": "Wynyard"
        },
        {
          "id": 17223,
          "name": "Yorkton"
        }
      ]
    },
    {
      "id": 869,
      "name": "Yukon",
      "state_code": "YT",
      "cities": [
        {
          "id": 16358,
          "name": "Dawson City"
        },
        {
          "id": 16479,
          "name": "Haines Junction"
        },
        {
          "id": 17180,
          "name": "Watson Lake"
        },
        {
          "id": 17204,
          "name": "Whitehorse"
        }
      ]
    }
  ]
}